PlayerID,PlayerName,TeamID
P001,Isaac White,T01
P002,Samuel Brown,T01
P003,Oliver White,T01
P004,Theodore Ramirez,T01
P005,Henry Ramirez,T02
P006,Julian Hill,T02
P007,Jayden Thompson,T02
P008,Matthew Martinez,T02
P009,Asher Hernandez,T03
P010,Jayden Harris,T03
P011,James Robinson,T03
P012,Julian Davis,T03
P013,Aiden Lopez,T04
P014,Lincoln Jackson,T04
P015,John Wright,T04
P016,Liam Nguyen,T04
P017,David Thompson,T05
P018,Michael Brown,T05
P019,Mason Thomas,T05
P020,Joseph Young,T05
P021,Noah Smith,T06
P022,Wyatt Scott,T06
P023,Gabriel Moore,T06
P024,Gabriel Clark,T06
P025,Lucas Walker,T07
P026,Jack Torres,T07
P027,Ethan Jackson,T07
P028,Henry Robinson,T07
P029,Oliver Walker,T08
P030,Matthew Rodriguez,T08
P031,Alexander Jackson,T08
P032,Oliver Wright,T08
P033,Noah Flores,T09
P034,Theodore Torres,T09
P035,Benjamin Lewis,T09
P036,Jacob Garcia,T09
P037,Luke Wright,T10
P038,Luke Jones,T10
P039,Liam Rodriguez,T10
P040,Grayson Allen,T10
P041,David Wright,T11
P042,Mateo Smith,T11
P043,Levi Johnson,T11
P044,Joseph Wright,T11
P045,Ethan Sanchez,T12
P046,Julian Wright,T12
P047,John Robinson,T12
P048,Isaac Lewis,T12
P049,Samuel Jackson,T13
P050,Sebastian Rodriguez,T13
P051,Owen Gonzalez,T13
P052,Elijah Jones,T13
P053,David Johnson,T14
P054,Michael Allen,T14
P055,Owen Davis,T14
P056,Luke Perez,T14
P057,Mateo Nguyen,T15
P058,Jack Gonzalez,T15
P059,Julian Robinson,T15
P060,Lucas Rodriguez,T15
P061,Alexander Jones,T16
P062,Daniel Lee,T16
P063,Matthew Garcia,T16
P064,Jayden Miller,T16
P065,Gabriel Jackson,T17
P066,Owen Flores,T17
P067,Liam Garcia,T17
P068,Lucas Anderson,T17
P069,Lucas Thomas,T18
P070,Julian Lee,T18
P071,Alexander Hill,T18
P072,Benjamin Thompson,T18
P073,Lucas White,T19
P074,Lincoln Taylor,T19
P075,Noah Miller,T19
P076,Asher Thompson,T19
P077,Lincoln Sanchez,T20
P078,William Ramirez,T20
P079,Michael Anderson,T20
P080,Michael Sanchez,T20
P081,Aiden Nguyen,T21
P082,Gabriel Garcia,T21
P083,Julian Rodriguez,T21
P084,Mateo Ramirez,T21
P085,Oliver Wilson,T22
P086,Joseph Martinez,T22
P087,Henry Miller,T22
P088,Jack Perez,T22
P089,Elijah Ramirez,T23
P090,Jayden Wright,T23
P091,Gabriel Smith,T23
P092,William Moore,T23
P093,David Williams,T24
P094,Matthew Hill,T24
P095,Oliver Moore,T24
P096,Henry Martinez,T24
P097,John Sanchez,T25
P098,Aiden Thomas,T25
P099,Oliver Martin,T25
P100,Carter Thomas,T25
P101,Luke Rodriguez,T26
P102,Jackson Brown,T26
P103,Daniel Ramirez,T26
P104,Jacob Brown,T26
P105,Sebastian Scott,T27
P106,Matthew Davis,T27
P107,Mason Lopez,T27
P108,James King,T27
P109,Jackson Allen,T28
P110,David Perez,T28
P111,Benjamin Torres,T28
P112,Mateo Moore,T28
P113,Levi Garcia,T29
P114,Julian Hernandez,T29
P115,Luke Lee,T29
P116,Wyatt Jones,T29
P117,Benjamin Lopez,T30
P118,Gabriel Allen,T30
P119,Daniel Sanchez,T30
P120,Benjamin Hill,T30
P121,Grayson Garcia,T31
P122,David Harris,T31
P123,Owen King,T31
P124,Joseph Moore,T31
P125,Mason Ramirez,T32
P126,Theodore Scott,T32
P127,Benjamin Taylor,T32
P128,Logan Harris,T32
