ViewerID,ViewerName,Priority
V01,Paisley Harris,3
V02,Amelia Garcia,2
V03,Chloe Hernandez,3
V04,Madison Adams,1
V05,Sofia Smith,1
V06,Zoe Flores,3
V07,Harper Torres,1
V08,Skylar Brown,3
V09,Nora Rodriguez,1
V10,Savannah Smith,1
V11,Lucy Hall,3
V12,Harper Garcia,1
V13,Riley Smith,3
V14,Mia Green,3
V15,Emily Anderson,2
V16,Aria Adams,1
V17,Lillian Jones,2
V18,Skylar Taylor,1
V19,Savannah Martin,2
V20,Emma Thomas,3
V21,Stella Mitchell,3
V22,Emma Torres,3
V23,Emily Harris,3
V24,Claire Lewis,3
V25,Zoey Scott,3
V26,Paisley Thomas,1
V27,Abigail Anderson,2
V28,Abigail Green,3
V29,Emily Jackson,2
V30,Avery Lee,3
V31,Evelyn Thomas,3
V32,Luna Smith,3
V33,Harper Lee,3
V34,Skylar Harris,2
V35,Aubrey Jackson,2
V36,Mila Taylor,2
V37,Riley Garcia,3
V38,Hazel Flores,3
V39,Stella Roberts,2
V40,Skylar Jones,3
V41,Ellie Scott,2
V42,Emma Gonzalez,3
V43,Skylar Nelson,1
V44,Abigail Rivera,3
V45,Brooklyn Brown,2
V46,Chloe Martinez,3
V47,Zoe Jackson,2
V48,Nora White,3
V49,Skylar Adams,2
V50,Amelia Scott,2
